id,question,subqueries,top_documents,top_sections,answer
55,"Что будет, если студент нарушил правила во время экзамена?",Что происходит при нарушении правил во время экзамена в ВШЭ | Правила поведения во время экзаменов в ВШЭ | Санкции за нарушение правил во время экзамена в ВШЭ,ПВРО 2024 | ПВРО 2024 | ПВРО 2024 | ПВРО 2024 | ПОПАТКУС,ОБЩИЕ ПОЛОЖЕНИЯ | ОБЩИЕ ПОЛОЖЕНИЯ | 3. ПРАВА И ОБЯЗАННОСТИ ОБУЧАЮЩИХСЯ | 3. ПРАВА И ОБЯЗАННОСТИ ОБУЧАЮЩИХСЯ | Организация Элементов контроля при изучении Дисциплины,"Если студент нарушил правила во время экзамена, он может быть привлечен к дисциплинарной ответственности. Порядок привлечения обучающихся НИУ ВШЭ к дисциплинарной ответственности является неотъемлемой частью Правил [Источник: ПВРО 2024 | ОБЩИЕ ПОЛОЖЕНИЯ].

При этом, нарушение академических норм при выполнении учебных и (или) научных работ, в том числе во время экзамена, является нарушением правил, установленных руководством структурных подразделений [Источник: ПВРО 2024 | 3. ПРАВА И ОБЯЗАННОСТИ ОБУЧАЮЩИХСЯ]."
56,"Где написано, что студенту нельзя пользоваться шпаргалками?",Правила академической честности ВШЭ | Устав МГУ о правилах академической честности | Свод правил по академической честности в ВШЭ.,ПВРО 2024 | ПВРО 2024 | Ustav_01.02.2016-2 | ПВРО 2024 | ПВРО 2024,3. ПРАВА И ОБЯЗАННОСТИ ОБУЧАЮЩИХСЯ | ОБЩИЕ ПОЛОЖЕНИЯ | I. Общие положения | 3. ПРАВА И ОБЯЗАННОСТИ ОБУЧАЮЩИХСЯ | 3. ПРАВА И ОБЯЗАННОСТИ ОБУЧАЮЩИХСЯ,"Из предоставленной информации не содержится прямой ссылки на запрет использования шпаргалок студентами. 

Однако, согласно пункту 3.5.22 документа ""ПВРО 2024"" [1], обучающиеся обязаны регулярно знакомиться с информацией о принятии, внесении изменений или отмене локальных нормативных актов НИУ ВШЭ, распространяющихся на обучающихся.

Также в пункте 16 документа ""Устав_01.02.2016-2"" [3] указано, что в университете не допускаются создание и осуществление деятельности организационных структур политических партий, общественно-политических и религиозных движений и организаций (объединений).

Нет информации о запрете использования шпаргалок."
57,Кто отвечает за порядок и дисциплину в университете?,Кто является ответственным за порядок и дисциплину в ВШЭ | Ответственные за поддержание порядка и дисциплины в вузе | Управление безопасностью на ВШЭ,ПВРО 2024 | ПВРО 2024 | ПВРО 2024 | ПВРО 2024 | ПОПАТКУС,ОБЩИЕ ПОЛОЖЕНИЯ | 3. ПРАВА И ОБЯЗАННОСТИ ОБУЧАЮЩИХСЯ | 3. ПРАВА И ОБЯЗАННОСТИ ОБУЧАЮЩИХСЯ | 6. ПОРЯДОК В ЗДАНИЯХ УНИВЕРСИТЕТА | Общие положения,"В университете порядок и дисциплину обеспечивают Правила внутреннего распорядка (ПВРО) 2024 года, утвержденные ученым советом университета с учетом мнения Студенческого совета университета, Совета учащихся Лицея НИУ ВШЭ, совета родителей (законных представителей) несовершеннолетних обучающихся) университета.

Обучающиеся обязаны уважать честь и достоинство других обучающихся, работников и посетителей университета, в том числе не совершать действий по запугиванию, преследованию, понуждению к совершению каких-либо действий, не вторгаться в их частную жизнь и не допускать оскорблений [Источник: ПВРО 2024 | 3. ПРАВА И ОБЯЗАННОСТИ ОБУЧАЮЩИХСЯ].

Обучающиеся обязаны соблюдать требования, установленные законодательством Российской Федерации, в том числе санитарными эпидемиологическими нормами, локальными нормативными актами НИУ ВШЭ, действующие в период режима чрезвычайной ситуации или при возникновении угрозы распространения заболевания, представляющего опасность для окружающих [Источник: ПВРО 2024 | 3. ПРАВА И ОБЯЗАННОСТИ ОБУЧАЮЩИХСЯ].

Обучающиеся не допускают действий, которые создают или могут создавать угрозу информационной безопасности НИУ ВШЭ [Источник: ПВРО 2024 | 3. ПРАВА И ОБЯЗАННОСТИ ОБУЧАЮЩИХСЯ]."
58,"Что будет, если я не пришел на аттестацию?",Что происходит в случае пропуска аттестации ВШЭ | Санкции за пропуск аттестации ВШЭ | Последствия пропуска аттестации ВШЭ,ПОПАТКУС | ПОПАТКУС | ПОПАТКУС | ПВРО 2024 | ПОПАТКУС,Организация Элементов контроля при изучении Дисциплины | Особенности организации оценивания и зачета результатов по отдельным Элементам обучения | Апелляция | 3. ПРАВА И ОБЯЗАННОСТИ ОБУЧАЮЩИХСЯ | Апелляция,"Если студент не явится на аттестацию, его действия будут фиксироваться в рабочей ведомости преподавателем словом «неявка».[Источник: ПОПАТКУС | Организация Элементов контроля при изучении Дисциплины]

Если студент отказался от продолжения участия в Элементе контроля и не выполнил никакую часть работы, это будет фиксироваться оценкой «0» в рабочей ведомости.[Источник: ПОПАТКУС | Организация Элементов контроля при изучении Дисциплины]

В случае неявки студента на мероприятия обязательной внешней оценки его действия будут учитываться как академическая задолженность.[Источник: ПОПАТКУС | Особенности организации оценивания и зачета результатов по отдельным Элементам обучения]

Если студент не ликвидирует хотя бы 1 (одну) академическую задолженность, используя все 3 (три) попытки, он может быть отчислен из Университета за недобросовестное освоение образовательной программы.[Источник: ПОПАТКУС | Апелляция]"
59,Кто может изменить правила университета?,Кто имеет право принимать решения в ВШЭ | Правила университета кто меняет | Устав ВШЭ,ПВРО 2024 | ПВРО 2024 | ПВРО 2024 | ПВРО 2024 | ПВРО 2024,ОБЩИЕ ПОЛОЖЕНИЯ | ОБЩИЕ ПОЛОЖЕНИЯ | ОБЩИЕ ПОЛОЖЕНИЯ | 4. ДИСЦИПЛИНАРНАЯ ОТВЕТСТВЕННОСТЬ ОБУЧАЮЩИХСЯ | 6. ПОРЯДОК В ЗДАНИЯХ УНИВЕРСИТЕТА,"Ученый совет университета может изменить правила внутреннего распорядка обучающихся. 

[Источник: ПВРО 2024 | ОБЩИЕ ПОЛОЖЕНИЯ]"
60,Где искать информацию о поощрениях и взысканиях студента?,Информация о поощрениях и взысканиях студентов ВШЭ | Правила поведения студентов Высшей школы экономики | Система оценки и мотивации студентов ВШЭ,ПВРО 2024 | ПВРО 2024 | ПВРО 2024 | ПВРО 2024 | ПВРО 2024,5. ПООЩРЕНИЕ ОБУЧАЮЩИХСЯ | 3. ПРАВА И ОБЯЗАННОСТИ ОБУЧАЮЩИХСЯ | ОБЩИЕ ПОЛОЖЕНИЯ | ОБЩИЕ ПОЛОЖЕНИЯ | ПРАВИЛА ВНУТРЕННЕГО РАСПОРЯДКА ОБУЧАЮЩИХСЯ,"Для получения информации о поощрениях и взысканиях студента обратитесь к разделу 5 документа «ПВРО 2024» или к разделу 3.2.16 того же документа.

[Источник: ПВРО 2024 | Раздел: 5]"
